order_id,symbol,order_type,quantity,price,status
871179,AAPL,Stop,129,1015.19,Executed
256122,GOOG,Limit,254,636.66,Cancelled
227912,TSLA,Market,173,353.73,Pending
618928,AAPL,Limit,140,541.01,Cancelled
470768,GOOG,Stop,386,1074.6,Executed
206408,MSFT,Market,489,517.63,Executed
691493,TSLA,Limit,347,616.04,Cancelled
655497,TSLA,Limit,353,1085.22,Cancelled
772195,MSFT,Limit,231,160.14,Executed
716329,NVDA,Stop,120,815.4,Pending
339447,AAPL,Market,338,1600.11,Cancelled
839341,MSFT,Stop,259,1244.37,Pending
487425,MSFT,Limit,41,619.55,Pending
192483,NVDA,Stop,254,1830.46,Executed
831545,MSFT,Stop,11,1325.22,Executed
157015,MSFT,Market,39,838.87,Pending
263205,MSFT,Limit,492,716.41,Cancelled
645486,AAPL,Stop,178,649.33,Pending
126464,AAPL,Limit,390,1122.58,Pending
710945,GOOG,Stop,31,1623.06,Cancelled
752579,AAPL,Stop,84,256.49,Cancelled
754534,MSFT,Limit,153,174.12,Pending
604119,TSLA,Limit,380,220.54,Pending
214428,AAPL,Market,233,876.09,Cancelled
481382,MSFT,Market,489,920.9,Executed
679884,TSLA,Limit,75,1690.19,Executed
214493,NVDA,Market,472,372.81,Cancelled
471227,GOOG,Limit,348,763.71,Executed
946282,TSLA,Stop,84,672.54,Executed
758229,AAPL,Stop,377,1007.39,Executed
145708,GOOG,Market,359,1786.99,Cancelled
643600,AAPL,Stop,408,1053.87,Cancelled
296511,NVDA,Stop,482,1892.01,Cancelled
958670,NVDA,Market,151,1503.17,Cancelled
143598,NVDA,Stop,321,895.78,Executed
302470,AAPL,Stop,171,1967.62,Cancelled
803140,NVDA,Stop,28,355.7,Executed
701320,MSFT,Market,103,1499.5,Cancelled
523464,AAPL,Limit,343,1331.79,Pending
983316,TSLA,Stop,244,1974.46,Pending
203458,MSFT,Limit,62,493.36,Executed
513063,TSLA,Limit,256,413.77,Executed
709401,NVDA,Stop,68,1995.96,Executed
750929,GOOG,Stop,242,123.5,Pending
921496,AAPL,Stop,94,1489.9,Cancelled
786812,MSFT,Market,358,857.23,Cancelled
682431,AAPL,Limit,73,1643.78,Cancelled
721852,TSLA,Market,300,1348.7,Pending
447651,AAPL,Market,321,185.98,Cancelled
550335,AAPL,Market,27,662.65,Executed
599066,MSFT,Stop,161,602.73,Pending
433626,GOOG,Market,479,491.41,Executed
195240,TSLA,Market,498,1644.4,Cancelled
356101,AAPL,Limit,204,452.73,Cancelled
313443,TSLA,Market,12,209.75,Pending
441951,TSLA,Stop,211,1608.34,Executed
614120,GOOG,Limit,151,762.58,Pending
896306,NVDA,Market,466,721.89,Cancelled
672272,TSLA,Limit,463,1180.09,Pending
670067,MSFT,Market,198,1132.31,Pending
920562,NVDA,Stop,131,1404.2,Executed
242662,MSFT,Market,66,324.74,Cancelled
987187,MSFT,Limit,95,1299.49,Pending
145111,TSLA,Limit,277,869.75,Cancelled
805875,GOOG,Stop,457,501.01,Pending
266248,AAPL,Limit,197,411.35,Executed
185725,TSLA,Market,148,466.02,Executed
895496,MSFT,Stop,383,200.45,Cancelled
583786,GOOG,Market,294,1818.68,Cancelled
229217,MSFT,Market,458,430.01,Cancelled
319728,NVDA,Stop,470,1937.57,Pending
980358,GOOG,Limit,447,947.69,Executed
786424,NVDA,Limit,169,1712.58,Pending
906576,TSLA,Limit,44,942.42,Cancelled
543019,GOOG,Market,135,887.31,Pending
345749,AAPL,Market,421,1633.86,Executed
966921,TSLA,Market,440,181.6,Cancelled
465255,MSFT,Market,201,1040.55,Cancelled
710198,MSFT,Stop,221,224.8,Executed
694782,NVDA,Stop,182,1303.97,Cancelled
958144,AAPL,Stop,417,787.21,Executed
475944,MSFT,Market,96,1428.32,Cancelled
944777,NVDA,Market,101,327.06,Executed
630704,NVDA,Market,241,891.74,Pending
206850,GOOG,Market,44,627.24,Pending
976874,TSLA,Stop,355,834.49,Pending
212431,TSLA,Stop,176,946.39,Executed
903347,TSLA,Stop,183,493.74,Executed
104840,NVDA,Market,26,1062.83,Executed
150087,MSFT,Limit,68,1215.41,Executed
740318,GOOG,Market,416,1468.4,Cancelled
754090,TSLA,Limit,442,1474.15,Pending
224286,MSFT,Stop,125,1743.56,Executed
828501,GOOG,Market,267,613.95,Cancelled
200976,TSLA,Market,278,884.82,Executed
278912,TSLA,Stop,115,985.68,Cancelled
982065,GOOG,Stop,29,1391.7,Executed
803301,NVDA,Market,59,1385.52,Cancelled
518761,TSLA,Limit,343,1195.43,Cancelled
192594,MSFT,Stop,265,988.81,Cancelled
557705,AAPL,Market,122,621.37,Pending
363259,AAPL,Stop,158,1181.81,Cancelled
519520,GOOG,Market,417,1451.49,Pending
991542,GOOG,Stop,450,878.26,Pending
790333,MSFT,Market,345,1741.6,Executed
730382,AAPL,Stop,235,362.32,Executed
706924,MSFT,Limit,240,1967.47,Cancelled
355167,MSFT,Limit,167,1810.04,Cancelled
182200,GOOG,Limit,313,485.14,Pending
342472,NVDA,Market,415,1965.99,Executed
413059,NVDA,Limit,22,228.0,Pending
507441,GOOG,Market,396,970.99,Executed
379149,NVDA,Stop,192,261.4,Executed
264215,AAPL,Market,178,1120.79,Pending
349818,GOOG,Market,34,303.24,Cancelled
746885,NVDA,Stop,207,1412.88,Pending
598530,MSFT,Market,433,524.82,Pending
786518,TSLA,Market,236,1797.12,Cancelled
528508,MSFT,Limit,467,1203.11,Cancelled
574471,TSLA,Market,363,1876.21,Cancelled
191244,NVDA,Stop,309,1782.26,Cancelled
389107,GOOG,Stop,376,618.85,Executed
434475,NVDA,Limit,434,285.44,Cancelled
588159,AAPL,Market,36,1782.44,Executed
160121,GOOG,Stop,200,825.1,Executed
397483,TSLA,Stop,86,1775.63,Executed
349594,TSLA,Market,76,1109.45,Cancelled
551980,MSFT,Stop,332,941.69,Pending
907015,NVDA,Market,310,267.84,Pending
779202,NVDA,Limit,260,992.15,Cancelled
628856,NVDA,Market,162,1509.57,Pending
255419,AAPL,Market,166,690.93,Pending
895521,MSFT,Market,378,1961.94,Executed
541434,AAPL,Limit,235,1089.86,Executed
209319,GOOG,Limit,292,1490.48,Cancelled
293740,AAPL,Market,265,1271.82,Executed
244140,AAPL,Market,47,1331.29,Pending
430634,GOOG,Stop,105,462.02,Pending
630738,AAPL,Market,174,237.19,Executed
922278,NVDA,Market,411,1819.73,Cancelled
405302,GOOG,Market,429,1917.16,Cancelled
913453,MSFT,Market,68,1645.68,Cancelled
891790,NVDA,Limit,150,1083.29,Executed
723189,GOOG,Market,142,1845.93,Cancelled
559100,TSLA,Market,487,526.91,Executed
144338,MSFT,Limit,340,1570.34,Executed
319998,GOOG,Limit,90,721.09,Cancelled
174706,NVDA,Market,250,1737.35,Executed
689053,MSFT,Market,88,189.62,Cancelled
875259,NVDA,Market,497,744.44,Executed
822524,NVDA,Market,262,1294.72,Executed
567936,TSLA,Market,215,486.97,Cancelled
323081,NVDA,Limit,98,1974.07,Cancelled
252653,AAPL,Market,255,790.85,Pending
819051,TSLA,Limit,261,1985.49,Executed
276968,AAPL,Limit,454,174.01,Pending
749435,TSLA,Stop,383,1033.62,Cancelled
514060,TSLA,Limit,428,756.34,Cancelled
321725,MSFT,Stop,148,636.97,Cancelled
927431,TSLA,Stop,13,832.85,Pending
388655,AAPL,Stop,45,455.99,Cancelled
934385,GOOG,Limit,357,1159.01,Executed
698460,MSFT,Limit,349,1082.9,Executed
836565,AAPL,Stop,228,225.28,Pending
278445,NVDA,Market,285,810.41,Pending
687357,TSLA,Market,107,205.64,Pending
970989,NVDA,Limit,102,976.68,Cancelled
792727,NVDA,Limit,234,1573.36,Executed
633234,MSFT,Stop,387,845.58,Cancelled
395507,TSLA,Limit,463,1453.46,Pending
479359,GOOG,Stop,482,1631.18,Executed
360226,TSLA,Market,29,175.48,Executed
852232,GOOG,Stop,69,1974.34,Executed
707940,NVDA,Stop,400,396.1,Pending
460483,AAPL,Market,321,1663.78,Pending
437446,NVDA,Market,99,1785.73,Cancelled
405057,AAPL,Market,32,1699.46,Pending
649945,MSFT,Stop,341,1798.98,Executed
805760,GOOG,Stop,55,1668.78,Executed
716016,GOOG,Limit,32,571.17,Pending
594441,TSLA,Stop,402,1566.54,Executed
316302,NVDA,Limit,185,219.0,Cancelled
583175,GOOG,Market,303,1539.7,Executed
268215,NVDA,Stop,483,1968.7,Executed
464649,AAPL,Market,385,1690.26,Cancelled
518733,TSLA,Market,281,1745.54,Cancelled
972640,AAPL,Stop,436,1666.98,Cancelled
629018,GOOG,Market,89,430.12,Pending
324047,AAPL,Market,68,1886.39,Cancelled
238202,MSFT,Stop,296,1557.28,Pending
731356,NVDA,Limit,360,1167.76,Executed
298327,TSLA,Limit,393,1189.96,Pending
677507,MSFT,Limit,297,442.71,Cancelled
143585,GOOG,Limit,238,472.68,Cancelled
909608,NVDA,Limit,446,1265.94,Executed
963586,NVDA,Limit,324,1841.53,Executed
113736,GOOG,Market,422,1837.22,Cancelled
622602,TSLA,Stop,494,1112.17,Cancelled
919241,TSLA,Limit,221,442.72,Cancelled
942004,TSLA,Market,325,1713.28,Executed
872872,MSFT,Stop,57,1042.49,Executed
428454,MSFT,Limit,216,385.1,Cancelled
259279,NVDA,Market,121,1574.3,Cancelled
367830,NVDA,Stop,201,737.21,Executed
831938,MSFT,Limit,364,1989.22,Pending
525693,TSLA,Stop,193,746.09,Executed
253570,AAPL,Limit,86,1929.53,Executed
222086,TSLA,Market,141,773.06,Cancelled
293135,GOOG,Limit,207,360.08,Executed
133815,NVDA,Market,67,1054.84,Cancelled
698581,MSFT,Market,59,809.28,Pending
681031,NVDA,Stop,353,1360.3,Executed
799436,AAPL,Market,476,1876.57,Executed
875648,AAPL,Limit,149,1763.2,Cancelled
898205,GOOG,Market,177,611.02,Pending
946772,NVDA,Limit,104,221.23,Pending
780284,TSLA,Limit,179,1687.53,Cancelled
423779,AAPL,Limit,391,847.07,Executed
568339,AAPL,Limit,153,1145.94,Pending
991744,GOOG,Market,32,1602.57,Cancelled
604499,TSLA,Limit,336,1125.57,Executed
833403,AAPL,Limit,243,931.31,Cancelled
857382,GOOG,Limit,494,1764.78,Pending
382359,TSLA,Stop,426,1520.42,Executed
272933,NVDA,Limit,289,1287.9,Pending
799844,GOOG,Stop,462,695.28,Executed
679612,MSFT,Market,16,1344.35,Executed
516658,NVDA,Market,27,1475.68,Cancelled
676512,NVDA,Limit,333,257.09,Executed
563359,TSLA,Stop,493,1500.65,Executed
513008,MSFT,Market,146,945.83,Cancelled
739883,MSFT,Stop,280,1461.43,Executed
440998,AAPL,Limit,315,1101.1,Pending
112747,TSLA,Limit,328,1661.57,Pending
700958,NVDA,Limit,76,969.91,Cancelled
513348,AAPL,Market,490,154.42,Executed
246824,MSFT,Stop,232,765.3,Cancelled
577430,MSFT,Market,68,577.87,Pending
673292,GOOG,Limit,82,924.04,Pending
941910,AAPL,Limit,396,995.07,Executed
694455,TSLA,Limit,145,1726.43,Cancelled
841122,NVDA,Limit,323,1083.27,Cancelled
285689,GOOG,Stop,390,1307.43,Cancelled
998567,NVDA,Market,169,701.87,Cancelled
178970,NVDA,Stop,381,908.19,Pending
803189,TSLA,Limit,141,1668.38,Executed
384534,NVDA,Limit,111,1260.28,Pending
229888,MSFT,Stop,239,1706.36,Executed
131406,AAPL,Limit,170,851.92,Cancelled
289717,MSFT,Market,310,1753.04,Cancelled
593784,AAPL,Market,28,1400.81,Executed
796248,MSFT,Limit,313,1364.64,Executed
839737,AAPL,Market,370,1206.83,Executed
328420,TSLA,Stop,390,1673.69,Cancelled
715817,NVDA,Limit,402,1012.46,Cancelled
106534,NVDA,Market,278,1059.71,Executed
978289,TSLA,Market,288,565.39,Cancelled
460962,NVDA,Stop,400,1397.03,Cancelled
210426,AAPL,Market,199,857.84,Pending
642029,TSLA,Limit,169,611.07,Executed
425995,NVDA,Market,151,703.18,Cancelled
656250,GOOG,Market,287,1544.77,Cancelled
838783,AAPL,Limit,51,245.24,Executed
919806,MSFT,Limit,370,977.8,Executed
391332,TSLA,Stop,140,1281.17,Executed
940327,MSFT,Stop,53,1659.66,Executed
602668,GOOG,Stop,317,429.57,Executed
522910,AAPL,Limit,434,1932.05,Cancelled
829822,GOOG,Stop,485,1503.01,Pending
810618,MSFT,Stop,296,1807.22,Cancelled
803707,TSLA,Stop,232,1751.44,Pending
524865,MSFT,Market,496,314.85,Cancelled
523687,AAPL,Limit,15,559.92,Pending
426818,AAPL,Stop,367,829.59,Pending
808528,MSFT,Limit,64,450.06,Pending
233666,AAPL,Limit,194,1436.5,Executed
673215,TSLA,Limit,59,1307.27,Cancelled
744259,AAPL,Stop,352,1706.86,Executed
662959,TSLA,Stop,362,1466.18,Executed
892409,GOOG,Stop,204,353.75,Cancelled
602983,TSLA,Market,134,1181.19,Pending
338967,AAPL,Stop,18,290.67,Cancelled
414149,AAPL,Limit,495,1917.82,Pending
843244,TSLA,Market,34,1847.44,Pending
401560,AAPL,Limit,41,1854.09,Pending
867294,AAPL,Market,14,1959.69,Pending
216346,NVDA,Market,391,1062.0,Pending
290593,TSLA,Limit,367,520.08,Cancelled
815664,TSLA,Stop,240,1482.46,Cancelled
997649,NVDA,Stop,137,670.84,Executed
285808,NVDA,Stop,400,142.97,Pending
945319,GOOG,Limit,191,487.65,Cancelled
696055,MSFT,Limit,89,468.41,Cancelled
150047,GOOG,Limit,287,802.35,Cancelled
660190,GOOG,Stop,254,436.56,Pending
935325,MSFT,Limit,386,1326.37,Pending
918252,MSFT,Limit,348,1906.87,Cancelled
631108,MSFT,Market,279,1808.01,Cancelled
278877,GOOG,Limit,72,843.81,Executed
644919,TSLA,Market,234,1870.24,Executed
940173,TSLA,Stop,492,1737.67,Executed
425703,GOOG,Limit,142,189.84,Pending
877923,TSLA,Limit,191,1964.75,Pending
637997,NVDA,Stop,349,506.26,Cancelled
448990,TSLA,Stop,360,1701.59,Executed
373875,AAPL,Market,68,1970.72,Cancelled
849108,GOOG,Limit,402,1144.43,Cancelled
239221,TSLA,Limit,269,1870.79,Executed
196179,MSFT,Limit,273,285.98,Pending
109806,TSLA,Limit,320,742.48,Executed
193010,AAPL,Limit,249,388.46,Cancelled
888823,NVDA,Limit,182,178.8,Cancelled
993634,MSFT,Stop,350,252.56,Cancelled
260414,GOOG,Market,336,651.09,Executed
388985,GOOG,Stop,57,975.07,Cancelled
379543,MSFT,Stop,444,183.58,Executed
872131,AAPL,Stop,190,1059.84,Pending
517949,TSLA,Market,352,1206.95,Pending
990882,NVDA,Stop,491,1714.84,Executed
967869,MSFT,Limit,430,1735.19,Pending
495282,TSLA,Limit,474,116.89,Cancelled
723815,TSLA,Limit,101,938.32,Executed
458224,TSLA,Stop,59,743.85,Cancelled
847589,MSFT,Market,147,1856.21,Cancelled
785013,GOOG,Limit,125,955.53,Pending
190274,AAPL,Limit,420,134.05,Executed
777535,GOOG,Limit,184,1723.68,Cancelled
462914,AAPL,Limit,435,1964.33,Pending
843513,TSLA,Stop,450,1231.46,Pending
814259,TSLA,Limit,284,1777.32,Cancelled
205789,MSFT,Market,33,1590.67,Pending
624687,GOOG,Market,300,1594.7,Executed
905000,AAPL,Market,101,775.55,Pending
185064,AAPL,Stop,145,1740.35,Executed
668426,MSFT,Stop,63,1899.52,Cancelled
891590,GOOG,Market,18,186.18,Executed
552049,AAPL,Market,422,316.87,Executed
509435,AAPL,Market,125,1928.18,Executed
583011,NVDA,Limit,183,1929.39,Cancelled
124692,AAPL,Stop,257,1690.03,Pending
921574,NVDA,Limit,274,1354.27,Executed
652316,AAPL,Market,245,1141.05,Pending
526868,AAPL,Stop,430,1712.79,Pending
963222,NVDA,Market,430,977.37,Executed
519628,AAPL,Limit,118,857.0,Cancelled
896269,GOOG,Limit,148,1191.34,Pending
590396,NVDA,Limit,393,878.74,Cancelled
274462,AAPL,Market,402,1181.5,Executed
738352,MSFT,Market,123,480.32,Executed
630746,TSLA,Market,125,1891.0,Pending
254520,MSFT,Stop,418,1815.07,Cancelled
954729,AAPL,Stop,359,743.76,Cancelled
915240,AAPL,Stop,116,644.23,Executed
114360,AAPL,Market,270,1377.04,Pending
520935,AAPL,Limit,227,410.79,Pending
798663,AAPL,Market,310,1116.86,Executed
564613,NVDA,Market,334,1530.15,Pending
973866,GOOG,Market,196,1721.76,Cancelled
291841,MSFT,Limit,443,1147.02,Pending
936098,AAPL,Market,202,811.12,Pending
901820,GOOG,Stop,435,448.36,Pending
174192,AAPL,Market,249,862.03,Cancelled
320595,NVDA,Market,232,183.04,Executed
932560,MSFT,Limit,339,982.33,Cancelled
291800,NVDA,Market,367,903.08,Cancelled
179719,NVDA,Stop,285,1162.71,Pending
278173,TSLA,Limit,84,865.97,Pending
984757,MSFT,Market,451,325.57,Executed
617974,AAPL,Stop,443,1464.22,Executed
406143,GOOG,Stop,61,830.32,Cancelled
310868,GOOG,Limit,25,1806.05,Executed
569300,TSLA,Limit,287,239.67,Cancelled
738163,AAPL,Market,23,173.93,Pending
619542,TSLA,Stop,460,1592.64,Executed
937342,GOOG,Market,249,1138.28,Executed
778289,GOOG,Limit,485,1976.74,Executed
395626,NVDA,Limit,108,352.3,Cancelled
843566,NVDA,Market,188,907.83,Pending
979665,MSFT,Market,241,194.82,Executed
131091,GOOG,Stop,381,586.14,Cancelled
850012,NVDA,Limit,350,364.23,Cancelled
226844,GOOG,Limit,375,869.53,Cancelled
163128,AAPL,Market,72,925.34,Pending
477066,NVDA,Market,377,446.13,Cancelled
384517,NVDA,Market,337,216.28,Cancelled
285692,MSFT,Stop,344,395.16,Cancelled
683526,GOOG,Stop,292,1010.52,Executed
681277,MSFT,Limit,171,978.53,Cancelled
943933,GOOG,Limit,228,1474.82,Executed
533968,TSLA,Limit,386,770.62,Pending
135011,GOOG,Limit,148,264.43,Cancelled
215395,TSLA,Market,224,1548.63,Cancelled
567148,NVDA,Stop,114,739.88,Pending
226507,NVDA,Limit,222,1613.01,Cancelled
753091,GOOG,Limit,149,904.2,Pending
570169,NVDA,Stop,471,1314.54,Pending
139627,GOOG,Market,394,1522.7,Pending
439284,MSFT,Stop,162,831.51,Cancelled
359647,NVDA,Market,296,139.96,Pending
344341,AAPL,Market,80,1191.63,Executed
713191,GOOG,Market,155,1643.79,Cancelled
489804,GOOG,Stop,271,1176.58,Pending
764057,MSFT,Market,463,1657.43,Pending
809946,GOOG,Stop,454,726.8,Cancelled
644410,MSFT,Market,379,140.2,Cancelled
133212,AAPL,Limit,16,1714.87,Cancelled
700748,GOOG,Stop,285,411.38,Cancelled
817273,AAPL,Market,316,1700.17,Cancelled
765164,GOOG,Stop,346,1568.38,Pending
473357,GOOG,Limit,57,1596.31,Cancelled
740117,MSFT,Market,230,987.83,Cancelled
736742,GOOG,Limit,372,770.94,Cancelled
823429,GOOG,Market,297,132.31,Executed
993751,AAPL,Market,436,444.4,Pending
413375,TSLA,Stop,346,666.32,Cancelled
958551,GOOG,Market,367,861.17,Executed
317423,AAPL,Market,273,564.75,Executed
376759,GOOG,Market,207,816.34,Executed
487213,NVDA,Stop,347,125.42,Cancelled
343755,MSFT,Limit,269,364.66,Cancelled
162928,NVDA,Stop,154,1842.81,Pending
707127,GOOG,Limit,236,1231.99,Cancelled
863534,NVDA,Limit,295,752.83,Pending
423626,AAPL,Stop,434,1277.33,Pending
977222,GOOG,Limit,189,588.9,Executed
695300,MSFT,Limit,373,728.12,Cancelled
706101,TSLA,Stop,272,638.66,Pending
908578,NVDA,Market,188,1391.79,Executed
869525,MSFT,Market,450,576.76,Executed
627097,GOOG,Limit,313,525.37,Executed
493381,NVDA,Market,91,344.05,Executed
690159,NVDA,Limit,122,1114.31,Executed
631427,AAPL,Stop,271,1170.61,Executed
210388,GOOG,Market,105,1940.25,Cancelled
911564,GOOG,Stop,203,823.64,Cancelled
274688,GOOG,Limit,377,1544.06,Cancelled
830016,NVDA,Stop,390,1276.43,Pending
963402,NVDA,Market,417,125.12,Cancelled
107056,GOOG,Limit,255,832.05,Executed
249043,GOOG,Market,141,1641.05,Cancelled
748690,MSFT,Limit,183,174.18,Cancelled
420769,GOOG,Limit,198,893.17,Executed
884487,NVDA,Market,361,1719.94,Cancelled
402303,NVDA,Market,324,1704.95,Cancelled
435602,MSFT,Stop,352,721.61,Cancelled
374931,TSLA,Stop,197,715.24,Executed
722518,AAPL,Stop,180,706.21,Executed
762729,MSFT,Market,477,1974.78,Cancelled
522372,AAPL,Limit,499,1385.65,Executed
461576,NVDA,Limit,366,1877.12,Pending
926405,AAPL,Limit,249,1863.08,Executed
162250,TSLA,Stop,58,182.69,Cancelled
533238,GOOG,Limit,461,1359.1,Executed
379050,GOOG,Stop,429,1958.78,Executed
933126,NVDA,Limit,475,320.36,Cancelled
400886,MSFT,Limit,172,848.43,Cancelled
567341,NVDA,Stop,477,1294.62,Pending
944657,GOOG,Stop,314,1004.96,Executed
877568,MSFT,Stop,457,1598.32,Pending
680034,MSFT,Market,22,951.22,Cancelled
329028,MSFT,Limit,113,148.34,Cancelled
973596,TSLA,Market,391,1305.29,Pending
928131,NVDA,Market,465,777.09,Pending
810149,NVDA,Limit,337,1992.8,Cancelled
881771,NVDA,Stop,262,1198.02,Pending
643410,MSFT,Market,448,412.46,Executed
432677,TSLA,Market,213,884.9,Cancelled
396362,AAPL,Market,273,246.16,Cancelled
135008,AAPL,Market,78,1434.38,Cancelled
511835,AAPL,Limit,348,1232.78,Executed
896695,NVDA,Market,75,432.64,Pending
649473,NVDA,Limit,180,833.18,Cancelled
263923,AAPL,Market,194,1552.56,Pending
552414,GOOG,Stop,491,1988.3,Cancelled
877087,AAPL,Stop,140,353.22,Cancelled
429081,NVDA,Market,217,1638.72,Executed
438564,NVDA,Market,486,1694.26,Cancelled
371086,AAPL,Limit,488,485.57,Executed
843167,TSLA,Limit,436,259.68,Executed
417319,NVDA,Market,336,1311.4,Cancelled
675188,MSFT,Limit,69,1114.31,Executed
719793,NVDA,Limit,103,943.81,Executed
121961,GOOG,Stop,424,1266.34,Cancelled
610783,GOOG,Stop,231,1630.49,Cancelled
465754,TSLA,Limit,383,1432.55,Cancelled
268507,GOOG,Limit,203,1734.92,Cancelled
916917,TSLA,Stop,214,850.2,Cancelled
629675,MSFT,Stop,380,1473.06,Cancelled
239302,MSFT,Limit,440,1613.09,Cancelled
575324,NVDA,Limit,125,1723.24,Pending
548351,TSLA,Stop,52,648.63,Executed
994307,GOOG,Stop,12,315.34,Pending
268117,AAPL,Stop,474,157.7,Pending
931676,MSFT,Limit,67,365.65,Executed
906683,NVDA,Limit,369,233.72,Executed
446037,AAPL,Market,131,1808.95,Cancelled
366541,NVDA,Limit,200,1662.11,Pending
251997,MSFT,Limit,483,1529.15,Executed
433777,TSLA,Market,317,404.86,Executed
891186,AAPL,Limit,328,399.72,Executed
342273,MSFT,Market,234,1438.07,Cancelled
446908,MSFT,Market,500,1232.92,Executed
666550,MSFT,Market,368,557.68,Executed
849934,MSFT,Limit,257,1583.04,Pending
479623,MSFT,Stop,315,497.24,Pending
695535,MSFT,Market,95,667.36,Pending
797199,MSFT,Limit,484,1373.28,Cancelled
137762,TSLA,Market,399,1157.58,Pending
474485,MSFT,Limit,408,1064.32,Pending
735978,TSLA,Stop,328,792.82,Cancelled
572840,TSLA,Limit,461,1079.19,Executed
716252,AAPL,Market,383,638.1,Executed
320917,GOOG,Market,169,495.26,Cancelled
958326,MSFT,Limit,482,183.46,Executed
291898,GOOG,Limit,34,510.21,Executed
458050,AAPL,Limit,31,1174.34,Executed
707335,MSFT,Limit,13,326.84,Cancelled
608316,MSFT,Market,50,708.23,Executed
500211,GOOG,Stop,281,1244.38,Executed
981246,TSLA,Limit,346,104.75,Pending
307869,TSLA,Stop,265,726.64,Cancelled
104313,GOOG,Stop,36,504.06,Cancelled
797118,TSLA,Stop,281,699.82,Cancelled
195634,AAPL,Limit,17,1053.98,Cancelled
570922,GOOG,Market,47,305.26,Pending
251916,NVDA,Limit,63,852.11,Pending
781354,MSFT,Limit,141,153.64,Executed
734523,NVDA,Limit,189,1174.89,Executed
515021,GOOG,Market,222,842.73,Pending
131738,TSLA,Limit,498,876.71,Pending
312282,MSFT,Limit,473,1038.82,Pending
211286,AAPL,Limit,299,1693.27,Cancelled
288374,AAPL,Market,343,338.04,Pending
174363,MSFT,Market,204,1275.78,Cancelled
638207,MSFT,Market,260,1296.9,Executed
628512,MSFT,Market,106,295.35,Pending
312437,NVDA,Limit,336,480.73,Executed
448481,TSLA,Limit,275,273.83,Cancelled
560517,NVDA,Limit,228,1701.93,Cancelled
166322,TSLA,Market,316,898.92,Cancelled
340682,AAPL,Market,48,1594.66,Cancelled
197229,AAPL,Limit,341,818.05,Executed
611908,TSLA,Market,378,1384.69,Pending
644355,MSFT,Stop,121,1806.17,Cancelled
208639,TSLA,Stop,166,1839.42,Executed
615370,TSLA,Limit,105,1619.36,Cancelled
959713,GOOG,Stop,458,1796.37,Pending
235080,GOOG,Stop,402,302.5,Cancelled
562945,GOOG,Stop,471,1671.97,Cancelled
625030,GOOG,Stop,33,1810.51,Executed
844824,AAPL,Limit,68,1476.11,Executed
979228,NVDA,Market,172,1833.39,Pending
814102,MSFT,Market,272,141.81,Cancelled
844114,TSLA,Limit,160,1832.16,Cancelled
651965,TSLA,Stop,171,717.39,Pending
647267,TSLA,Limit,395,1826.2,Executed
687946,GOOG,Market,87,1185.47,Executed
268313,TSLA,Market,202,940.72,Cancelled
401815,TSLA,Limit,39,1433.28,Cancelled
938305,TSLA,Market,297,1380.07,Pending
696660,TSLA,Stop,277,1261.07,Pending
874497,MSFT,Market,180,1042.94,Executed
584074,NVDA,Market,72,843.63,Pending
417615,MSFT,Stop,158,992.69,Pending
981218,AAPL,Market,247,1938.6,Cancelled
866729,NVDA,Limit,221,400.42,Cancelled
129254,GOOG,Limit,417,333.27,Cancelled
577846,TSLA,Stop,103,708.39,Cancelled
763751,MSFT,Market,127,810.49,Cancelled
102106,TSLA,Market,205,763.63,Cancelled
529427,GOOG,Stop,84,756.07,Pending
960728,MSFT,Market,11,194.1,Pending
900818,NVDA,Limit,409,1924.62,Executed
726373,GOOG,Market,47,1800.38,Executed
400310,TSLA,Market,100,1148.9,Executed
979476,GOOG,Market,75,166.2,Pending
759090,MSFT,Limit,113,758.46,Cancelled
112904,AAPL,Stop,212,1274.13,Pending
118050,TSLA,Market,354,574.32,Cancelled
678554,GOOG,Stop,273,251.03,Cancelled
443809,GOOG,Market,360,290.05,Pending
432329,MSFT,Limit,259,1694.62,Pending
101878,GOOG,Stop,173,933.78,Pending
452997,NVDA,Stop,146,759.39,Pending
841841,AAPL,Limit,493,269.61,Cancelled
685462,AAPL,Stop,342,1903.78,Pending
357881,AAPL,Stop,138,392.59,Cancelled
315127,GOOG,Limit,31,782.18,Cancelled
990352,NVDA,Stop,169,634.95,Pending
524135,NVDA,Market,340,1477.36,Executed
284384,AAPL,Stop,402,495.7,Cancelled
208467,AAPL,Stop,264,164.84,Cancelled
289242,MSFT,Stop,131,1576.71,Pending
981923,GOOG,Market,240,1497.84,Cancelled
762571,GOOG,Limit,230,980.43,Pending
649511,GOOG,Limit,466,1168.55,Cancelled
991921,AAPL,Limit,456,604.14,Executed
311081,AAPL,Market,118,1210.67,Executed
715335,TSLA,Limit,425,244.57,Executed
165854,AAPL,Limit,476,1851.36,Pending
239656,AAPL,Limit,83,765.84,Pending
761273,NVDA,Stop,51,287.74,Pending
999114,NVDA,Market,266,1201.58,Pending
372119,NVDA,Limit,428,1869.87,Executed
931917,NVDA,Limit,401,1242.15,Cancelled
852789,NVDA,Limit,95,1854.6,Pending
413495,TSLA,Market,367,469.5,Cancelled
498499,TSLA,Market,238,1365.32,Pending
475484,MSFT,Limit,12,1913.04,Pending
808654,AAPL,Market,378,564.12,Executed
170990,NVDA,Limit,69,111.44,Cancelled
703857,GOOG,Market,70,1966.75,Executed
113104,TSLA,Limit,339,874.12,Executed
448923,TSLA,Limit,285,1685.33,Executed
939489,NVDA,Market,242,1285.4,Executed
640998,GOOG,Limit,424,1716.69,Cancelled
699626,MSFT,Market,195,657.82,Pending
626311,MSFT,Limit,127,934.54,Pending
732178,MSFT,Market,271,647.44,Executed
140486,AAPL,Market,471,835.23,Executed
794549,TSLA,Stop,164,328.21,Cancelled
146970,GOOG,Stop,331,1352.24,Cancelled
958092,MSFT,Stop,395,939.62,Pending
937726,MSFT,Stop,481,519.72,Cancelled
399133,GOOG,Market,330,1022.66,Pending
535271,NVDA,Limit,476,169.04,Executed
968198,MSFT,Limit,414,1316.36,Cancelled
146619,MSFT,Stop,428,769.41,Executed
898461,AAPL,Stop,367,1973.6,Executed
952218,MSFT,Limit,387,1841.56,Cancelled
283392,NVDA,Market,229,1819.79,Pending
420710,TSLA,Limit,456,1849.46,Executed
708823,MSFT,Stop,206,477.57,Pending
202591,GOOG,Stop,131,1257.43,Cancelled
153776,GOOG,Market,477,484.58,Pending
562911,AAPL,Limit,93,1633.92,Pending
608478,TSLA,Stop,174,791.07,Executed
865457,NVDA,Stop,401,766.19,Pending
257565,MSFT,Market,244,1091.89,Executed
107438,MSFT,Market,457,603.65,Cancelled
845436,AAPL,Market,374,1615.34,Executed
582223,MSFT,Limit,392,576.15,Cancelled
365539,AAPL,Limit,197,1147.31,Cancelled
827764,NVDA,Limit,430,382.97,Executed
103792,TSLA,Stop,75,1115.77,Pending
452432,GOOG,Market,156,1952.66,Pending
262443,TSLA,Limit,324,839.22,Executed
436356,NVDA,Limit,484,1982.2,Pending
457133,GOOG,Limit,90,217.36,Cancelled
819870,NVDA,Limit,409,991.62,Executed
974207,GOOG,Limit,146,469.06,Cancelled
636039,TSLA,Market,294,1458.48,Cancelled
591871,AAPL,Limit,321,1391.44,Executed
348483,GOOG,Stop,442,1764.04,Executed
529235,GOOG,Stop,101,1756.36,Cancelled
217709,NVDA,Stop,412,223.43,Executed
669872,TSLA,Stop,76,1470.71,Executed
960703,NVDA,Market,78,179.64,Executed
500741,MSFT,Stop,128,514.08,Executed
969525,AAPL,Limit,317,762.36,Cancelled
423519,AAPL,Stop,197,1214.62,Executed
735300,AAPL,Stop,153,1805.26,Executed
739559,MSFT,Limit,401,924.18,Cancelled
174122,TSLA,Market,163,1334.27,Pending
760887,NVDA,Stop,245,896.95,Pending
394223,NVDA,Market,279,1101.28,Cancelled
793810,AAPL,Limit,430,1844.14,Cancelled
707374,GOOG,Market,187,831.5,Cancelled
831875,AAPL,Market,255,1223.63,Executed
859529,TSLA,Limit,268,1089.41,Pending
952876,TSLA,Market,124,732.8,Cancelled
344446,AAPL,Stop,53,163.26,Executed
733144,TSLA,Stop,86,1528.23,Pending
161443,GOOG,Limit,349,1320.88,Pending
597602,TSLA,Market,488,318.55,Executed
631293,NVDA,Stop,83,481.39,Executed
897260,TSLA,Limit,256,200.62,Executed
146720,NVDA,Market,266,268.34,Pending
656276,MSFT,Limit,146,1208.64,Executed
971183,TSLA,Market,455,1168.76,Executed
430910,GOOG,Market,200,714.99,Executed
447720,MSFT,Limit,251,1895.97,Pending
130034,GOOG,Stop,386,557.26,Cancelled
179443,GOOG,Market,334,1202.76,Cancelled
779689,MSFT,Market,150,1747.87,Pending
434686,AAPL,Limit,376,1064.56,Cancelled
136719,AAPL,Stop,129,1565.64,Executed
659489,AAPL,Market,186,161.08,Pending
864176,MSFT,Stop,269,1218.14,Executed
340537,TSLA,Stop,410,384.43,Pending
371432,MSFT,Stop,434,1867.29,Executed
335356,AAPL,Stop,264,716.18,Pending
925148,AAPL,Limit,255,351.24,Cancelled
561709,TSLA,Stop,128,1083.06,Executed
248921,AAPL,Stop,360,502.33,Executed
105386,NVDA,Market,130,1147.39,Cancelled
470614,MSFT,Stop,30,1837.88,Cancelled
473409,TSLA,Limit,248,955.71,Cancelled
383457,MSFT,Market,167,727.5,Cancelled
723122,NVDA,Market,265,1747.49,Pending
149767,AAPL,Stop,201,694.83,Pending
615678,NVDA,Limit,298,575.21,Cancelled
718390,NVDA,Limit,397,1955.12,Pending
983245,GOOG,Stop,382,1993.27,Executed
569117,GOOG,Stop,154,697.42,Pending
332115,AAPL,Market,70,437.51,Executed
241887,GOOG,Limit,454,990.33,Executed
848845,MSFT,Stop,354,1576.77,Cancelled
746006,MSFT,Market,241,859.06,Pending
353803,NVDA,Limit,10,1443.81,Pending
323912,MSFT,Limit,453,1297.2,Pending
377492,TSLA,Market,383,1377.95,Pending
777015,AAPL,Stop,361,359.52,Pending
895349,GOOG,Limit,273,972.43,Cancelled
890363,MSFT,Stop,351,1633.85,Pending
638626,TSLA,Market,10,1494.32,Executed
914062,TSLA,Stop,257,781.97,Cancelled
564079,TSLA,Market,324,1167.14,Pending
784365,GOOG,Market,389,1836.78,Pending
964329,AAPL,Market,429,744.35,Cancelled
155041,TSLA,Limit,359,1277.77,Cancelled
310715,MSFT,Market,399,1469.74,Executed
849504,NVDA,Limit,83,977.95,Cancelled
167737,TSLA,Limit,197,926.31,Cancelled
948905,MSFT,Stop,428,1745.75,Executed
419258,GOOG,Market,486,1092.15,Pending
650289,NVDA,Market,205,1126.41,Cancelled
729871,NVDA,Stop,297,1120.12,Pending
272711,TSLA,Market,30,328.01,Cancelled
260153,TSLA,Stop,354,1983.01,Pending
499925,MSFT,Limit,54,1791.56,Pending
629776,AAPL,Limit,163,1294.47,Executed
613627,MSFT,Stop,358,455.21,Pending
195565,MSFT,Market,433,983.8,Pending
951662,NVDA,Market,493,846.76,Pending
552123,GOOG,Stop,499,677.76,Cancelled
754378,GOOG,Stop,368,604.53,Executed
354261,TSLA,Limit,217,1592.62,Executed
730539,NVDA,Stop,188,826.84,Executed
585696,MSFT,Stop,281,1416.98,Executed
179909,AAPL,Stop,61,982.73,Executed
464376,TSLA,Market,23,708.69,Executed
701848,GOOG,Market,315,1715.48,Cancelled
168596,NVDA,Stop,100,1459.6,Executed
166148,GOOG,Market,461,1934.74,Executed
546720,NVDA,Stop,102,268.48,Executed
559942,TSLA,Stop,188,1579.48,Executed
243977,NVDA,Market,273,579.79,Executed
785913,GOOG,Stop,112,1595.61,Executed
452357,AAPL,Market,227,1041.14,Pending
466844,NVDA,Stop,432,1813.02,Executed
249899,TSLA,Limit,493,1603.26,Executed
872283,TSLA,Stop,334,1140.42,Pending
414614,GOOG,Limit,130,881.88,Executed
478748,TSLA,Limit,376,465.33,Executed
545776,GOOG,Limit,201,1313.38,Pending
137095,GOOG,Market,247,1189.84,Pending
763989,AAPL,Stop,376,836.26,Executed
678587,NVDA,Limit,238,1561.02,Executed
954997,NVDA,Stop,187,712.43,Executed
643680,NVDA,Stop,439,1855.75,Pending
627652,NVDA,Limit,474,723.98,Pending
344175,NVDA,Market,233,980.35,Cancelled
525115,MSFT,Market,386,473.61,Cancelled
852623,GOOG,Market,168,716.1,Pending
192284,GOOG,Market,320,677.48,Cancelled
928373,GOOG,Limit,488,1475.37,Executed
551296,TSLA,Limit,144,438.07,Cancelled
676029,AAPL,Stop,457,1883.9,Cancelled
480427,AAPL,Stop,124,633.24,Cancelled
348832,GOOG,Stop,428,633.98,Pending
528536,MSFT,Limit,286,724.92,Pending
373502,NVDA,Stop,63,1790.59,Executed
935956,GOOG,Market,276,410.73,Pending
147032,NVDA,Limit,499,1126.17,Cancelled
194179,NVDA,Market,146,425.72,Cancelled
728937,TSLA,Limit,253,604.64,Cancelled
290600,MSFT,Market,417,253.06,Pending
251465,NVDA,Limit,417,1691.43,Cancelled
582305,MSFT,Limit,404,649.68,Executed
542674,MSFT,Limit,31,380.18,Executed
438515,TSLA,Stop,37,151.41,Executed
906147,TSLA,Limit,407,307.49,Cancelled
213468,AAPL,Limit,198,290.98,Cancelled
667968,AAPL,Limit,193,120.19,Pending
705159,NVDA,Limit,434,1578.58,Pending
514531,AAPL,Market,204,672.15,Cancelled
935308,AAPL,Stop,68,1456.73,Pending
106230,MSFT,Limit,328,127.77,Executed
861466,NVDA,Stop,456,332.47,Pending
567774,GOOG,Limit,337,649.26,Executed
815900,TSLA,Stop,367,325.15,Executed
917352,MSFT,Stop,79,1823.8,Pending
217734,GOOG,Market,30,1457.74,Cancelled
928086,AAPL,Market,362,1064.53,Executed
556665,TSLA,Market,88,1801.13,Executed
116474,TSLA,Market,473,699.14,Cancelled
780631,AAPL,Stop,22,603.24,Executed
773858,TSLA,Market,241,950.2,Pending
350937,MSFT,Stop,206,1205.69,Executed
452007,GOOG,Limit,241,1499.68,Pending
513749,GOOG,Market,410,1094.02,Executed
370341,GOOG,Stop,128,1044.93,Executed
255535,AAPL,Market,472,1541.0,Executed
679629,AAPL,Stop,473,618.57,Pending
498138,AAPL,Market,332,1930.0,Cancelled
827907,TSLA,Market,66,1429.08,Cancelled
306574,GOOG,Stop,454,1771.56,Cancelled
387652,AAPL,Limit,258,289.3,Executed
276377,GOOG,Limit,124,155.86,Executed
654533,GOOG,Limit,151,804.04,Executed
705816,AAPL,Limit,35,1288.29,Executed
249901,NVDA,Market,418,157.65,Executed
429503,AAPL,Stop,252,1721.61,Cancelled
831015,GOOG,Stop,164,605.69,Cancelled
993509,AAPL,Stop,144,846.05,Cancelled
720710,TSLA,Market,476,196.59,Pending
309712,GOOG,Limit,443,1310.56,Cancelled
440873,TSLA,Stop,426,848.91,Cancelled
558533,TSLA,Market,301,1311.56,Executed
744116,NVDA,Limit,471,1405.12,Cancelled
183319,MSFT,Limit,43,1695.51,Executed
648976,TSLA,Limit,425,1485.47,Pending
374004,NVDA,Market,14,874.33,Executed
267532,TSLA,Stop,315,1579.31,Executed
199245,NVDA,Market,449,1757.49,Pending
727404,GOOG,Limit,489,895.5,Cancelled
150337,AAPL,Limit,157,1201.61,Cancelled
897500,TSLA,Market,300,1150.22,Executed
602996,TSLA,Market,249,1307.36,Cancelled
916686,MSFT,Limit,11,1638.56,Cancelled
901221,NVDA,Stop,480,1018.26,Pending
986383,GOOG,Limit,95,756.82,Cancelled
936777,TSLA,Limit,285,1132.24,Pending
432124,TSLA,Stop,101,986.68,Pending
348405,AAPL,Limit,469,1856.79,Pending
868768,AAPL,Stop,116,607.78,Cancelled
820099,NVDA,Market,475,1493.56,Cancelled
501556,AAPL,Stop,55,1433.37,Cancelled
369637,NVDA,Stop,80,554.33,Cancelled
847716,MSFT,Stop,191,1807.82,Executed
167036,TSLA,Limit,141,1260.92,Pending
233366,MSFT,Limit,499,1965.25,Executed
574225,MSFT,Market,86,764.08,Executed
774653,MSFT,Limit,140,1998.43,Executed
576922,NVDA,Stop,216,502.85,Pending
182681,NVDA,Market,305,1192.37,Executed
125157,NVDA,Limit,326,720.48,Pending
167843,TSLA,Market,23,1994.21,Cancelled
408690,NVDA,Limit,142,1368.66,Cancelled
681855,MSFT,Market,476,1511.36,Cancelled
686717,TSLA,Market,167,1951.86,Pending
750635,GOOG,Limit,174,943.19,Cancelled
359463,NVDA,Limit,385,1170.13,Executed
734571,MSFT,Stop,374,1932.35,Cancelled
609875,NVDA,Market,404,1454.13,Executed
230247,AAPL,Stop,97,773.09,Executed
763185,NVDA,Stop,256,1734.97,Executed
964611,AAPL,Market,101,105.45,Cancelled
213065,TSLA,Stop,21,1285.12,Cancelled
719500,TSLA,Limit,500,595.47,Pending
872474,MSFT,Stop,458,1302.58,Pending
544635,TSLA,Market,493,453.57,Cancelled
248866,GOOG,Market,60,481.54,Pending
556775,AAPL,Limit,370,1542.92,Pending
524503,GOOG,Limit,146,1553.99,Executed
576666,GOOG,Market,104,796.96,Executed
944818,NVDA,Limit,471,377.94,Executed
819280,TSLA,Limit,72,410.5,Pending
599209,TSLA,Limit,27,857.85,Pending
163140,MSFT,Market,336,1322.75,Pending
478337,TSLA,Limit,365,1314.6,Executed
779074,TSLA,Limit,324,1200.08,Executed
482120,AAPL,Limit,219,163.17,Cancelled
431559,AAPL,Stop,112,186.76,Cancelled
135062,NVDA,Limit,275,1099.29,Executed
408005,NVDA,Stop,417,933.67,Cancelled
586967,GOOG,Limit,305,1683.86,Pending
778498,NVDA,Limit,332,1305.93,Pending
786627,MSFT,Stop,476,1939.92,Cancelled
718210,AAPL,Market,174,1892.51,Cancelled
676965,GOOG,Market,430,1128.01,Pending
793549,GOOG,Stop,124,1924.51,Pending
272820,AAPL,Market,163,1179.25,Cancelled
594938,AAPL,Stop,67,623.94,Executed
192202,NVDA,Stop,38,331.51,Executed
960042,TSLA,Stop,264,1500.4,Executed
734918,AAPL,Stop,88,1995.4,Cancelled
169477,GOOG,Limit,101,237.14,Pending
373992,GOOG,Stop,149,1021.82,Cancelled
612492,MSFT,Market,376,556.53,Executed
907437,GOOG,Limit,95,429.09,Pending
531582,MSFT,Stop,248,1686.8,Pending
181275,NVDA,Stop,131,1526.47,Cancelled
764496,GOOG,Market,233,1777.43,Pending
379501,TSLA,Limit,82,1807.54,Cancelled
551096,NVDA,Market,107,182.36,Cancelled
676565,GOOG,Stop,352,1327.15,Cancelled
828235,MSFT,Limit,206,1753.57,Pending
673223,NVDA,Stop,390,531.69,Cancelled
603280,MSFT,Stop,131,1370.56,Pending
153141,AAPL,Market,440,775.34,Executed
157546,TSLA,Limit,264,1817.27,Pending
677920,MSFT,Market,315,793.37,Executed
364182,TSLA,Market,31,1165.84,Pending
206291,MSFT,Market,277,246.96,Cancelled
361612,GOOG,Stop,16,1861.55,Executed
695425,MSFT,Market,404,1430.6,Executed
741074,NVDA,Stop,356,1247.25,Cancelled
115409,NVDA,Limit,293,1014.68,Executed
859171,GOOG,Limit,328,1486.78,Cancelled
259311,TSLA,Limit,237,850.08,Cancelled
110962,TSLA,Market,400,976.3,Executed
879984,GOOG,Market,345,348.05,Executed
938210,TSLA,Stop,346,536.62,Pending
622115,NVDA,Limit,24,919.31,Executed
440022,TSLA,Stop,185,1361.44,Executed
145316,GOOG,Limit,115,339.62,Cancelled
560281,MSFT,Stop,64,1339.59,Pending
101177,GOOG,Limit,16,321.45,Cancelled
164715,NVDA,Limit,239,1482.62,Executed
571770,GOOG,Stop,330,1944.04,Cancelled
741888,TSLA,Stop,374,612.92,Pending
561849,TSLA,Limit,211,1554.4,Cancelled
269529,MSFT,Stop,199,1953.28,Cancelled
168378,NVDA,Stop,80,1126.17,Executed
393207,TSLA,Stop,280,966.71,Pending
923233,TSLA,Market,443,126.43,Executed
855075,TSLA,Limit,201,371.1,Executed
585754,GOOG,Stop,442,1918.15,Executed
121109,NVDA,Market,13,1252.62,Executed
958848,NVDA,Limit,103,1149.94,Executed
120611,NVDA,Limit,133,535.31,Cancelled
311706,NVDA,Stop,411,1754.28,Pending
959128,MSFT,Limit,72,1425.67,Cancelled
264746,TSLA,Limit,418,490.27,Cancelled
214001,MSFT,Market,172,202.41,Cancelled
100032,GOOG,Market,68,1485.62,Cancelled
298731,NVDA,Limit,175,320.13,Executed
746273,AAPL,Stop,136,390.07,Cancelled
679134,MSFT,Limit,293,1349.02,Pending
577790,TSLA,Limit,400,769.84,Pending
964010,AAPL,Limit,130,890.14,Pending
845969,NVDA,Limit,449,1255.44,Cancelled
325495,TSLA,Stop,17,1010.11,Executed
115396,TSLA,Market,64,800.44,Pending
571380,GOOG,Stop,89,641.21,Cancelled
499939,GOOG,Market,195,1311.45,Cancelled
634094,AAPL,Stop,379,422.91,Executed
530357,TSLA,Market,498,1483.71,Cancelled
643879,MSFT,Market,175,417.09,Pending
830749,GOOG,Limit,123,107.77,Pending
925388,NVDA,Limit,483,1185.77,Executed
131824,GOOG,Stop,87,1647.44,Cancelled
511829,MSFT,Stop,463,800.96,Executed
211697,AAPL,Market,135,1479.36,Cancelled
335386,AAPL,Limit,430,209.02,Pending
455956,MSFT,Market,71,1284.29,Cancelled
612880,AAPL,Market,271,1912.48,Pending
323542,NVDA,Limit,219,1989.53,Cancelled
844184,GOOG,Market,84,449.01,Cancelled
781666,GOOG,Market,428,320.23,Executed
109214,NVDA,Limit,167,1663.95,Cancelled
287300,MSFT,Stop,154,482.1,Cancelled
827590,GOOG,Limit,423,188.18,Pending
400189,AAPL,Market,398,964.43,Cancelled
312674,NVDA,Limit,226,259.26,Executed
220023,AAPL,Limit,213,1640.64,Pending
507947,NVDA,Stop,137,919.66,Pending
942631,NVDA,Stop,199,1316.48,Pending
208627,NVDA,Limit,412,265.54,Cancelled
737307,AAPL,Stop,294,1249.3,Cancelled
297407,TSLA,Limit,168,1846.79,Cancelled
795666,TSLA,Stop,245,672.21,Executed
597526,TSLA,Limit,106,432.57,Pending
858143,GOOG,Stop,499,568.79,Cancelled
411592,MSFT,Stop,409,334.34,Executed
983228,NVDA,Stop,453,1945.8,Cancelled
590172,GOOG,Market,154,1093.01,Executed
476881,MSFT,Market,261,1847.32,Executed
967632,NVDA,Limit,199,588.56,Cancelled
374838,NVDA,Market,382,761.55,Pending
956061,GOOG,Stop,496,853.5,Executed
522669,AAPL,Market,114,209.16,Pending
775262,NVDA,Limit,38,564.81,Executed
758345,GOOG,Market,333,430.52,Executed
107312,MSFT,Market,383,639.41,Cancelled
535815,AAPL,Limit,331,313.61,Cancelled
429333,TSLA,Market,110,466.42,Executed
142168,MSFT,Stop,284,684.0,Executed
481144,MSFT,Market,200,459.48,Cancelled
582873,MSFT,Limit,178,999.61,Cancelled
800012,TSLA,Stop,282,345.35,Pending
901754,GOOG,Market,209,1154.87,Executed
944302,MSFT,Market,231,1177.58,Executed
533226,MSFT,Market,425,572.98,Pending
832596,MSFT,Limit,427,826.7,Pending
331310,AAPL,Stop,75,791.77,Pending
276775,TSLA,Limit,326,1180.53,Pending
286068,TSLA,Market,241,411.41,Pending
634773,AAPL,Limit,127,1609.84,Pending
117897,GOOG,Market,333,1863.58,Pending
635828,GOOG,Market,79,1266.5,Cancelled
783723,MSFT,Limit,216,1076.03,Executed
688827,MSFT,Limit,229,1119.81,Executed
482937,GOOG,Stop,17,1065.03,Pending
783138,AAPL,Stop,401,1925.45,Cancelled
467725,AAPL,Limit,98,1858.31,Cancelled
284539,TSLA,Stop,65,1263.34,Pending
266276,MSFT,Stop,490,904.59,Pending
942386,MSFT,Stop,328,618.35,Pending
673436,TSLA,Limit,78,1854.83,Cancelled
937697,TSLA,Market,271,501.34,Pending
238508,GOOG,Limit,264,556.12,Pending
972441,NVDA,Limit,229,372.63,Pending
750910,GOOG,Stop,457,269.33,Cancelled
277727,MSFT,Market,370,1483.06,Cancelled
172434,MSFT,Limit,241,1795.51,Cancelled
201294,NVDA,Stop,171,1642.42,Pending
174982,NVDA,Market,12,1473.67,Executed
614722,TSLA,Stop,170,855.45,Cancelled
831304,TSLA,Limit,326,281.75,Pending
816223,NVDA,Stop,84,180.94,Pending
415563,MSFT,Stop,222,1515.51,Pending
495114,MSFT,Limit,243,905.02,Executed
386916,NVDA,Limit,426,1210.36,Pending
853050,AAPL,Limit,127,1366.82,Pending
404803,TSLA,Limit,438,1492.08,Pending
919189,GOOG,Stop,208,180.3,Pending
387382,GOOG,Stop,81,780.9,Pending
403550,MSFT,Market,29,1018.78,Pending
312931,TSLA,Limit,475,1599.62,Pending
310079,GOOG,Limit,401,1710.24,Pending
823134,AAPL,Stop,24,1930.18,Cancelled
296898,GOOG,Market,178,1577.23,Executed
566827,NVDA,Limit,237,1582.14,Cancelled
703400,NVDA,Limit,211,1781.65,Cancelled
776438,TSLA,Stop,451,116.92,Cancelled
430220,MSFT,Stop,114,1656.53,Executed
437240,TSLA,Stop,422,1922.59,Pending
608952,AAPL,Stop,148,1320.41,Pending
328972,MSFT,Stop,226,997.7,Cancelled
945272,MSFT,Limit,146,946.38,Executed
100169,MSFT,Limit,497,1339.99,Pending
216512,MSFT,Limit,444,196.03,Pending
203310,TSLA,Limit,340,1975.61,Cancelled
592285,AAPL,Market,462,1627.35,Cancelled
776790,AAPL,Limit,229,171.37,Cancelled
312339,NVDA,Stop,298,1997.71,Pending
416128,MSFT,Limit,283,1830.7,Cancelled
286732,NVDA,Market,470,1196.01,Pending
685027,MSFT,Limit,45,1918.97,Pending
949237,GOOG,Limit,422,1265.3,Pending
158876,NVDA,Market,210,1673.89,Cancelled
973904,MSFT,Market,150,1507.54,Cancelled
995849,NVDA,Limit,208,1776.8,Executed
487832,AAPL,Limit,399,1642.52,Executed
952336,GOOG,Stop,184,1032.03,Cancelled
352287,NVDA,Limit,450,678.85,Executed
781158,MSFT,Limit,355,1226.32,Executed
520637,GOOG,Limit,191,350.56,Pending
479670,MSFT,Market,284,1419.05,Pending
848339,AAPL,Stop,86,1698.5,Pending
538094,NVDA,Stop,56,1041.57,Executed
971816,MSFT,Limit,114,1627.97,Executed
407166,NVDA,Stop,145,1500.9,Executed
683952,AAPL,Limit,148,874.13,Pending
704823,TSLA,Stop,161,1037.04,Executed
410382,GOOG,Limit,12,497.32,Executed
662598,MSFT,Market,189,448.33,Pending
291752,AAPL,Stop,222,324.32,Cancelled
429743,AAPL,Limit,176,502.25,Cancelled
843919,GOOG,Stop,185,1546.27,Cancelled
411785,TSLA,Stop,492,598.26,Executed
639971,GOOG,Limit,145,1578.15,Cancelled
807906,TSLA,Market,245,831.23,Pending
327088,MSFT,Stop,157,523.86,Executed
772645,AAPL,Market,436,1226.01,Pending
707430,AAPL,Market,428,527.67,Cancelled
614309,GOOG,Stop,151,407.86,Cancelled
347224,GOOG,Market,403,393.65,Pending
984130,NVDA,Limit,47,1789.19,Cancelled
971708,MSFT,Stop,145,1910.53,Pending
617389,NVDA,Limit,403,843.64,Cancelled
314721,AAPL,Stop,463,632.73,Executed
837445,NVDA,Market,371,1873.24,Cancelled
492910,AAPL,Market,449,786.04,Executed
680637,NVDA,Limit,232,1262.81,Executed
653857,NVDA,Limit,78,128.44,Pending
193723,NVDA,Market,331,1830.3,Cancelled
319684,GOOG,Stop,361,1214.11,Executed
454342,AAPL,Limit,246,335.86,Cancelled
895480,MSFT,Limit,174,288.07,Pending
806734,AAPL,Stop,57,1760.89,Pending
589920,AAPL,Limit,256,1604.48,Cancelled
708369,MSFT,Limit,375,1155.83,Pending
904853,MSFT,Market,215,369.49,Cancelled
157952,TSLA,Limit,486,564.79,Executed
485285,MSFT,Limit,129,1697.45,Executed
367144,MSFT,Stop,371,1201.07,Executed
915306,MSFT,Market,20,487.3,Executed
131930,GOOG,Market,80,270.32,Cancelled
618038,NVDA,Limit,279,1398.34,Executed
988898,TSLA,Limit,384,916.55,Executed
721126,MSFT,Market,381,1605.69,Executed
724129,AAPL,Limit,37,392.73,Cancelled
973741,GOOG,Stop,363,1459.74,Cancelled
198759,AAPL,Stop,381,509.09,Pending
958853,MSFT,Market,499,1239.47,Pending
780683,MSFT,Stop,171,1030.46,Pending
668955,NVDA,Stop,40,1907.87,Pending
398293,GOOG,Stop,62,1333.1,Cancelled
191838,NVDA,Stop,186,1503.61,Pending
641751,GOOG,Limit,322,812.22,Executed
154144,MSFT,Market,271,895.15,Cancelled
861417,NVDA,Limit,129,1909.11,Executed
410742,GOOG,Stop,61,1911.3,Pending
631610,AAPL,Stop,270,1030.14,Cancelled
987320,TSLA,Limit,328,1110.5,Pending
260403,NVDA,Market,430,393.47,Pending
138099,TSLA,Limit,469,114.94,Cancelled
617090,GOOG,Stop,25,840.63,Pending
697212,AAPL,Limit,190,1856.7,Cancelled
332010,TSLA,Market,438,432.85,Pending
155403,NVDA,Limit,233,1830.14,Cancelled
726703,AAPL,Market,227,296.44,Cancelled
563989,GOOG,Market,145,565.82,Executed
439836,GOOG,Limit,169,1199.39,Executed
101429,MSFT,Limit,85,1716.36,Executed
382705,TSLA,Stop,274,1575.37,Pending
427309,NVDA,Market,295,1774.3,Pending
679449,MSFT,Market,311,1012.41,Pending
647479,MSFT,Limit,456,1798.08,Cancelled
641198,GOOG,Market,77,766.92,Pending
653637,AAPL,Stop,434,982.8,Executed
274530,TSLA,Limit,127,463.45,Executed
815003,AAPL,Limit,91,157.85,Pending
240242,TSLA,Limit,322,390.99,Pending
261598,AAPL,Limit,216,457.84,Executed
760109,TSLA,Stop,311,1392.82,Cancelled
382837,MSFT,Market,450,228.02,Pending
488248,MSFT,Stop,67,1218.38,Cancelled
207523,TSLA,Limit,263,734.89,Executed
301424,MSFT,Market,500,1947.43,Executed
773454,TSLA,Market,484,445.28,Pending
814480,MSFT,Market,452,941.87,Pending
913920,NVDA,Limit,143,1655.09,Cancelled
261362,TSLA,Market,342,332.12,Pending
544029,TSLA,Stop,243,1971.54,Pending
122764,GOOG,Market,266,202.05,Pending
848433,GOOG,Stop,296,942.1,Executed
319916,GOOG,Market,421,476.63,Pending
516779,GOOG,Limit,71,368.39,Pending
173621,NVDA,Stop,385,147.59,Pending
700303,NVDA,Market,289,553.74,Pending
537103,GOOG,Limit,335,1174.91,Cancelled
163233,NVDA,Market,207,969.54,Pending
773372,GOOG,Stop,184,974.23,Cancelled
909525,MSFT,Limit,348,1832.4,Cancelled
399553,NVDA,Limit,312,1626.86,Cancelled
650788,AAPL,Limit,267,426.6,Cancelled
170712,AAPL,Limit,110,1797.39,Pending
392592,MSFT,Market,238,952.96,Pending
457962,NVDA,Market,26,1493.56,Executed
843561,MSFT,Market,32,1976.03,Pending
337835,GOOG,Limit,35,1085.92,Executed
276334,TSLA,Market,301,1354.95,Cancelled
795631,GOOG,Limit,274,1796.88,Pending
498452,NVDA,Market,435,133.06,Pending
422662,TSLA,Market,219,1766.95,Cancelled
787700,AAPL,Stop,41,1833.22,Executed
280284,AAPL,Market,163,1310.76,Executed
894366,GOOG,Stop,345,500.18,Executed
289199,AAPL,Stop,126,1660.1,Cancelled
706416,AAPL,Stop,480,1307.29,Cancelled
713133,GOOG,Limit,298,1682.0,Cancelled
334866,GOOG,Stop,167,1467.26,Pending
747483,AAPL,Stop,391,1894.28,Executed
414974,MSFT,Stop,53,236.83,Pending
667694,MSFT,Market,223,795.37,Executed
937606,TSLA,Stop,481,1547.23,Executed
530048,AAPL,Limit,363,1029.88,Pending
537811,NVDA,Market,163,395.85,Cancelled
180936,AAPL,Limit,326,1501.63,Executed
510536,MSFT,Limit,404,408.6,Pending
703883,MSFT,Market,39,1758.87,Executed
626945,AAPL,Limit,499,470.51,Executed
708021,AAPL,Market,103,1169.98,Pending
546497,MSFT,Limit,389,875.4,Pending
324071,TSLA,Stop,394,171.22,Executed
146122,TSLA,Market,148,1481.54,Cancelled
610766,NVDA,Limit,194,389.03,Executed
438620,AAPL,Stop,267,1715.67,Executed
577533,MSFT,Stop,436,1934.52,Executed
942846,TSLA,Market,295,1966.66,Pending
658693,AAPL,Stop,232,572.08,Cancelled
397711,NVDA,Limit,118,590.28,Executed
940762,AAPL,Limit,172,1387.77,Cancelled
763707,AAPL,Market,133,1681.46,Pending
830708,AAPL,Limit,486,1257.93,Pending
